Código;Equipo;$
PMP121500000;MultiPlus 12/500/20-16 230V VE.Bus;198.95
PMP121800000;MultiPlus 12/800/35-16 230V VE.Bus;256.45
PMP122120000;MultiPlus 12/1200/50-16 230V VE.Bus;313.95
PMP122160000;MultiPlus 12/1600/70-16 230V VE.Bus;447.92
PMP122200000;MultiPlus 12/2000/80-32 230V VE.Bus;626.75
CMP121800000;MultiPlus Compact 12/800/35-16 230V VE.Bus;319.70
CMP122120000;MultiPlus Compact 12/1200/50-16 230V VE.Bus;452.52
CMP122160000;MultiPlus Compact 12/1600/70-16 230V VE.Bus;507.15
CMP122200000;MultiPlus Compact 12/2000/80-30 230V VE.Bus;651.48
PMP122300001;MultiPlus 12/3000/120-16 230V VE.Bus;847.55
PMP123021010;MultiPlus 12/3000/120-50 230V VE.Bus;914.82
PMP122305010;MultiPlus-II 12/3000/120-32 230V;786.60
PMP122505012;MultiPlus-II 12/5000/220-50 230V;1,252.92
PMP241500000;MultiPlus 24/500/10-16 230V VE.Bus;198.95
PMP241800000;MultiPlus 24/800/16-16 230V VE.Bus;256.45
PMP242120000;MultiPlus 24/1200/25-16 230V VE.Bus;313.95
PMP242160000;MultiPlus 24/1600/40-16 230V VE.Bus;447.92
PMP242200000;MultiPlus 24/2000/50-32 230V VE.Bus;527.85
CMP242160000;MultiPlus Compact 24/1600/40-16 230V VE.Bus;481.85
CMP242200000;MultiPlus Compact 24/2000/50-30 230V VE.Bus;616.98
PMP242300001;MultiPlus 24/3000/70-16 230V VE.Bus;762.45
PMP242301011;MultiPlus 24/3000/70-50 230V VE.Bus;823.40
PMP242305010;MultiPlus-II 24/3000/70-32 230V;598.00
PMP242306000;MultiPlus-II 24/3000/70-32 230V GX;649.18
PMP245021010;MultiPlus 24/5000/120-100 230V VE.Bus;1,344.92
PMP242505010;MultiPlus-II 24/5000/120-50 230V;1,252.92
PMP481500000;MultiPlus 48/500/6-16 230V VE.Bus;166.75
PMP481800000;MultiPlus 48/800/9-16 230V VE.Bus;196.08
PMP482120000;MultiPlus 48/1200/13-16 230V VE.Bus;273.70
PMP482160000;MultiPlus 48/1600/20-16 230V VE.Bus;311.08
PMP482200000;MultiPlus 48/2000/25-32 230V VE.Bus;346.72
PMP483020001;MultiPlus 48/3000/35-16 230V VE.Bus;528.42
PMP483021010;MultiPlus 48/3000/35-50 230V VE.Bus;551.42
PMP482305010;MultiPlus-II 48/3000/35-32 230V;377.20
PMP482305012;MultiPlus-II 48/3000/35-32 230V;377.20
PMP482405012;MultiPlus-II 48/4k5/55-32 230V;464.60
PMP482306000;MultiPlus-II 48/3000/35-32 230V GX;429.52
PMP482406000;MultiPlus-II 48/4k5/55-32 230V GX;546.25
PMP482505010;MultiPlus-II 48/5000/70-50 230V;536.48
PMP482605012;MultiPlus-II 48/6k5/100-50 230V;655.50
PMP482506000;MultiPlus-II 48/5000/70-50 230V GX;661.25
PMP482606000;MultiPlus-II 48/6k5/100-50 230V GX;737.72
PMP485021010;MultiPlus 48/5000/70-100 230V VE.Bus;748.08
PMP482805000;MultiPlus-II 48/8000/110-100 230V;985.55
PMP483105000;MultiPlus-II 48/10000/140-100 230V;1,177.60
PMP483150000;MultiPlus-II 48/15000/200-100 230V;1,642.78
PMP121500100;MultiPlus 12/500/20-16 120V VE.Bus;189.18
PMP121800100;MultiPlus 12/800/35-16 120V VE.Bus;243.80
PMP122120100;MultiPlus 12/1200/50-16 120V VE.Bus;298.42
CMP122200102;MultiPlus Compact 12/2000/80-50 120V VE.Bus (UL 458);582.48
PMP122200102;MultiPlus 12/2000/80-50 120V VE.Bus (UL 458);555.45
PMP122301102;MultiPlus 12/3000/120-50 120V VE.Bus (UL 1741 & 458);752.68
PMP122305120;MultiPlus-II 12/3000/120-50 120V *If 0, order PMP122305122*;642.28
PMP122305122;MultiPlus-II 12/3000/120-50 120V (UL 458);616.40
PMP122305100;MultiPlus-II 12/3000/120-50 2x120V*If 0, order PMP122305102*;700.92
PMP122305102;MultiPlus-II 12/3000/120-50 2x120V (UL 458);665.85
CMP242200100;MultiPlus Compact 24/2000/50-50 120V VE.Bus;497.95
PMP242200100;MultiPlus24/2000/50-50 120V VE.Bus*If 0, order PMP242200102*;499.68
PMP242200102;MultiPlus 24/2000/50-50 120V VE.Bus (UL 458);506.00
PMP243021102;MultiPlus24/3000/70-50 120V VE.Bus*If 0, order PMP242301102*;752.68
PMP242301102;MultiPlus 24/3000/70-50 120V VE.Bus (UL 1741 & 458);763.60
PMP242305102;MultiPlus-II 24/3000/70-50 120V (UL 458);642.28
PMP242305130;MultiPlus-II 24/3000/70-50 2x120V *If 0, order PMP242305132*;690.00
PMP242305132;MultiPlus-II 24/3000/70-50 2x120V (UL 458);738.30
PMP242505110;MultiPlus-II 24/5000/120-95 120V;1,044.20
PMP482200100;MultiPlus 48/2000/25-50 120V VE.Bus;381.22
PMP482305100;MultiPlus-II 48/3000/35-50 120V;402.50
PMP482305102;MultiPlus-II 48/3000/35-50 120V (UL 1741);420.32
PMP482505110;MultiPlus-II 48/5000/70-95 120V;655.50
PMP482505120;MultiPlus-II 48/5000/70-95 120V (UL 1741);991.88
PMP482505300;MultiPlus-II 48/5000/70-95 120V 50/60Hz;655.50
SCC145110510;SmartSolar MPPT RS 450/100-MC4 *If 0, order SCC145110512*;713.58
SCC145110512;SmartSolar MPPT RS 450/100-MC4;713.58
SCC145120510;SmartSolar MPPT RS 450/200-MC4;1,249.48
SCC145120512;SmartSolar MPPT RS 450/200-MC4;1,249.48
SCC075010060R;SmartSolar MPPT 75/10 Retail;40.25
SCC075015060R;SmartSolar MPPT 75/15 Retail;43.12
SCC110015060R;SmartSolar MPPT 100/15 Retail;50.60
SCC110020160R;SmartSolar MPPT 100/20 (up to 48V) Retail;57.50
SCC110030210;SmartSolar MPPT 100/30;82.80
SCC110050210;SmartSolar MPPT 100/50;119.02
SCC115035210;SmartSolar MPPT 150/35;119.02
SCC115045212;SmartSolar MPPT 150/45;140.88
SCC115060211;SmartSolar MPPT 150/60-Tr;225.98
SCC115060311;SmartSolar MPPT 150/60-MC4;225.98
SCC115070211;SmartSolar MPPT 150/70-Tr;246.68
SCC115070411;SmartSolar MPPT 150/70-Tr VE.Can;267.38
SCC115070511;SmartSolar MPPT 150/70-MC4 VE.Can;267.38
SCC115085411;SmartSolar MPPT 150/85-Tr VE.Can;292.10
SCC115085511;SmartSolar MPPT 150/85-MC4 VE.Can;298.42
SCC115110411;SmartSolar MPPT 150/100-Tr VE.Can;332.92
SCC115110511;SmartSolar MPPT 150/100-MC4 VE.Can;339.25
SCC125060221;SmartSolar MPPT 250/60-Tr;267.38
SCC125060321;SmartSolar MPPT 250/60-MC4;267.38
SCC125070221;SmartSolar MPPT 250/70-Tr;308.20
SCC125070421;SmartSolar MPPT 250/70-Tr VE.Can;328.90
SCC125070521;SmartSolar MPPT 250/70-MC4 VE.Can;328.90
SCC125085411;SmartSolar MPPT 250/85-Tr VE.Can;353.62
SCC125085511;SmartSolar MPPT 250/85-MC4 VE.Can;359.95
SCC125110412;SmartSolar MPPT 250/100-Tr VE.Can;394.45
SCC125110512;SmartSolar MPPT 250/100-MC4 VE.Can;400.78
QUA123020010;Quattro 12/3000/120-50/50 230V VE.Bus;1,166.68
QUA125020000;Quattro 12/5000/220-100/100 230V VE.Bus;1,816.42
QUA243020010;Quattro 24/3000/70-50/50  230V VE.Bus;1,118.95
QUA245021010;Quattro 24/5000/120-100/100 230V VE.Bus;1,533.52
QUA242505010;Quattro-II 24/5000/120-50/50 230V;1,357.00
QUA248020010;Quattro 24/8000/200-100/100 230V VE.Bus;1,935.45
QUA485021010;Quattro 48/5000/70-100/100  230V VE.Bus;1,064.90
QUA482504010;Quattro-II 48/5000/70-50/50 230V;796.38
QUA488024000;Quattro 48/8000/110-100/100 230V VE.Bus;1,335.72
QUA481030010;Quattro 48/10000/140-100/100 230V VE.Bus;1,595.62
QUA483150000;Quattro 48/15000/200-100/100 230V VE.Bus;2,095.88
QUA122305130;Quattro-II 12/3000/120-50/50 2x120V;842.95
QUA125021100;Quattro 12/5000/220-100/100 120V VE.Bus;1,734.78
QUA125021102;Quattro 12/5000/220-100/100 120V VE.Bus (UL 458);1,922.80
QUA242305130;Quattro-II 24/3000/70-50/50 2x120V;800.98
QUA245023110;Quattro 24/5000/120-100/100 120V VE.Bus;1,526.62
QUA483021100;Quattro 48/3000/35-50/50 120V VE.Bus;850.42
QUA485021100;Quattro 48/5000/70-100/100 120V VE.Bus;922.30
QUA482501102;Quattro 48/5000/70-100/100 120V VE.Bus (UL);1,075.82
QUA483100102;Quattro 48/10000/140-100/100 120V VE.Bus UL;1,693.38
QUA483100300;Quattro 48/10000/140-100/100 120V VE.Bus 50/60Hz;1,782.50
QUA483150100;Quattro 48/15000/200-100/100 277V VE.Bus;2,095.88
